Iteration,BnB Execution Time (s),IDA* Execution Time (s)
1,0.000122,8.5e-05
2,0.000116,8.9e-05
3,0.000121,0.000132
4,0.000149,8.4e-05
5,0.000126,8.6e-05
